"username","password","email","firstname","lastname","sex","city","phonenum","dateofbirth"
"jspurling0","iDuaE17UqD","jspurling0@cnet.com","Jeno","Spurling","Female","Roanoke",823311983,"1990-08-05"
"gjantzen1","gK3MEjmRjWG","gjantzen1@ustream.tv","Gabrielle","Jantzen","Male","Amurzet",868151565,"1980-08-10"
"fhoys2","0IMU2gpMnT","fhoys2@live.com","Fidelity","Hoys","Male","San Francisco",289543071,"1975-10-25"
"estirton3","LI2uS0yn","estirton3@twitter.com","Elfreda","Stirton","Male","Nioro du Rip",347128423,"1997-09-12"
"broizin4","nzLSdSLEX","broizin4@live.com","Bard","Roizin","Male","Barbudo",591434233,"1971-02-05"
"jrosendale5","jOxUSjwmYk","jrosendale5@salon.com","Jade","Rosendale","Male","Mananjary",219508772,"2000-11-10"
"tbampkin6","cArn4UKHzqSx","tbampkin6@addthis.com","Tim","Bampkin","Female","Sayang Lauq",324612460,"1999-08-27"
"tbonnor7","ql69p2ER6","tbonnor7@vkontakte.ru","Tripp","Bonnor","Male","Dian-ay",743645835,"1984-05-13"
"swoodhouse8","X4lUuuH4e","swoodhouse8@youtube.com","Shirlene","Woodhouse","Male","Tuluá",999245753,"1975-12-08"
"vissakov9","6JSDjWUA","vissakov9@nba.com","Vaclav","Issakov","Male","Santo Niño",385990447,"1984-02-22"
"bwhorfa","CwXDEyN9","bwhorfa@acquirethisname.com","Brier","Whorf","Male","São José dos Campos",524231412,"1985-11-18"
"jbodegab","QAJTSZok","jbodegab@chicagotribune.com","Janeczka","Bodega","Female","Jingmen",432782869,"1986-08-05"
"hsimmigc","eRfo6XtU","hsimmigc@nifty.com","Humberto","Simmig","Female","Birmingham",713066360,"1995-10-06"
"bmccartand","YopGQLwV","bmccartand@cisco.com","Bonnie","McCartan","Female","Bilice",583660045,"1979-02-03"
"ngeraldeze","87Ao0xs","ngeraldeze@house.gov","Nobie","Geraldez","Male","Międzyzdroje",517944304,"1979-05-05"
"ndoersf","zqfAd9kfyiiS","ndoersf@elpais.com","Nolana","Doers","Female","Mirsíni",990455348,"1981-09-26"
"cwhewellg","KTSjjPeq8V2b","cwhewellg@economist.com","Corissa","Whewell","Female","San Juan de Mata",961053963,"1977-02-27"
"lchadbandh","FF8G8Z8","lchadbandh@ezinearticles.com","Lynnett","Chadband","Female","Xiabuji",848702791,"1984-10-31"
"aportwainei","R5QmsJpzFA","aportwainei@ucoz.com","Alice","Portwaine","Female","Dahe",611395174,"1987-10-31"
"candreuttij","eIDwkVxp","candreuttij@disqus.com","Curry","Andreutti","Female","Jinnan",184726064,"1979-01-02"
"dlinzeyk","TovYq92","dlinzeyk@istockphoto.com","Dion","Linzey","Female","Liangting",682334014,"1992-02-10"
"bmatousl","BnbL3J5","bmatousl@umn.edu","Britt","Matous","Female","Daguma",565143300,"1981-08-07"
"rhebbesm","p9zFuzXus0D5","rhebbesm@utexas.edu","Randie","Hebbes","Male","Cachadinha",413410757,"1974-08-03"
"lpercyn","oEvjs2PNiw0S","lpercyn@ask.com","Latisha","Percy","Female","Inowrocław",418500088,"1983-03-07"
"ehamfletto","WbIzjQbMDq","ehamfletto@desdev.cn","Esmeralda","Hamflett","Female","Richmond",144268971,"1987-12-21"
"lvedyasovp","Ec72IS7yWY","lvedyasovp@uol.com.br","Lacee","Vedyasov","Male","Patemon",607510884,"1990-08-07"
"cchippq","HqT1qfGSzTr6","cchippq@mapquest.com","Charley","Chipp","Male","Montauban",917694825,"1981-08-10"
"kmulvyr","HGfc66Mcdvg5","kmulvyr@qq.com","Karole","Mulvy","Female","Malicboy",378679869,"1993-05-21"
"poneills","1ZXnZVICf","poneills@gov.uk","Pavel","O'Neill","Male","Nanao",863636393,"1999-01-14"
"mtondeurt","ahoi8Xmhnt","mtondeurt@google.co.jp","Morlee","Tondeur","Female","Kamyzyak",486168199,"1992-11-03"
"smccomiskieu","qkqjzCBk3","smccomiskieu@taobao.com","Sidoney","McComiskie","Male","Lypnyazhka",375269522,"1983-03-14"
"iorrisv","VhZQP05OPGJf","iorrisv@godaddy.com","Iver","Orris","Male","Skoki",676370531,"1996-02-16"
"mickovitzw","fjr8cX","mickovitzw@csmonitor.com","Melvyn","Ickovitz","Male","Wrząsowice",541693452,"1991-04-03"
"tmccandiex","1ZUFf8myd","tmccandiex@tinypic.com","Tonie","McCandie","Male","Altan-Ovoo",534752804,"1994-09-11"
"cgiorgielliy","fQVJnbtiM0F","cgiorgielliy@fc2.com","Cheston","Giorgielli","Male","Geghanist",416398352,"2000-10-06"
"wpawelecz","89duJAzTo5","wpawelecz@wp.com","Webb","Pawelec","Female","Honglu",750407786,"1985-12-30"
"jpresnall10","lxv4cjGTpdru","jpresnall10@typepad.com","Jesse","Presnall","Female","Pentecoste",360787862,"1978-11-13"
"lbythell11","wSGKi8Gu7G","lbythell11@vimeo.com","Laney","Bythell","Female","Coromoro",739513668,"1973-09-19"
"jballintyne12","A8JZZk","jballintyne12@pen.io","Jennee","Ballintyne","Male","Vichuga",326559963,"1997-09-27"
"tharkes13","3Xo31O7z","tharkes13@w3.org","Tod","Harkes","Male","Krasnyy Profintern",152371058,"1972-02-15"
"iscrimshaw14","3N8JY4","iscrimshaw14@mapy.cz","Ingaberg","Scrimshaw","Female","Versailles",677387025,"1996-07-26"
"moheffernan15","ln7DA4Pc2","moheffernan15@cnn.com","Marget","O'Heffernan","Female","Puerta de Corral Quemado",944536674,"1974-08-11"
"llount16","bDHmhn7TuR","llount16@gizmodo.com","Lorene","Lount","Female","Leicheng",797624999,"1992-07-21"
"chysom17","9TsCLlrTc","chysom17@springer.com","Celinda","Hysom","Female","Ayna",126099649,"1990-12-09"
"nclapshaw18","Gja8xYh6","nclapshaw18@java.com","Neila","Clapshaw","Female","Rozivka",574191446,"1993-08-31"
"zelsie19","7CnRvDeVL","zelsie19@arstechnica.com","Zane","Elsie","Female","Grzęska",947821163,"1983-10-07"
"bgager1a","IUiovihIi","bgager1a@google.nl","Brod","Gager","Male","Senanga",946202408,"1983-11-20"
"cchittem1b","lQvyJKy59tq","cchittem1b@amazon.de","Clayborne","Chittem","Female","Wasilków",568871090,"1985-07-08"
"cneumann1c","xXDcYtpZFUxi","cneumann1c@yahoo.co.jp","Charita","Neumann","Male","Bjelovar",719293221,"1987-09-24"
"gfilinkov1d","y4wp78EXTozg","gfilinkov1d@nbcnews.com","Galen","Filinkov","Female","Uthai",521258433,"1977-05-03"
"ljozsef1e","VEt5Cw4VmPgW","ljozsef1e@google.com.br","Lenette","Jozsef","Male","Las Palmas",623397248,"1986-05-02"
"dtookey1f","ZzoKVcDHT","dtookey1f@go.com","Dena","Tookey","Male","Pakis",871263341,"1997-09-15"
"dmellody1g","zQX4qvEWGX","dmellody1g@wikimedia.org","Dennet","Mellody","Female","Chengzhong",490373395,"1977-02-23"
"elabitt1h","uyfgUGs5GD","elabitt1h@imgur.com","Eadie","Labitt","Female","Angoulême",324066230,"1999-06-06"
"etuckwell1i","1BAs0w","etuckwell1i@samsung.com","Elliott","Tuckwell","Female","Libertad",752778251,"1983-06-28"
"mmckeney1j","iCu8Y6K7","mmckeney1j@wikispaces.com","Myrwyn","McKeney","Female","Ystad",836726269,"1991-03-04"
"mcosker1k","9N5Mcdyxd","mcosker1k@china.com.cn","Marjy","Cosker","Male","Sagana",540275007,"1990-12-29"
"leloy1l","96SDEmi","leloy1l@go.com","Luce","Eloy","Female","Aioi",309983142,"1974-06-26"
"hlabastida1m","1gUK2zL10X","hlabastida1m@youtube.com","Henrietta","LaBastida","Female","Falun",281830048,"1988-02-22"
"hcraske1n","o9OA5gZ7ZxT","hcraske1n@flickr.com","Haskel","Craske","Male","Aachen",209548257,"1988-12-18"
"bwaszkiewicz1o","4hp7vCH","bwaszkiewicz1o@theguardian.com","Basilio","Waszkiewicz","Male","Haishan",345513434,"1970-12-15"
"dkender1p","ck6qlk3lALL","dkender1p@thetimes.co.uk","Darb","Kender","Male","Karangmelok",823632764,"1973-06-01"
"jcastanyer1q","ikea8BvixhK","jcastanyer1q@nytimes.com","Joly","Castanyer","Female","Markaz-e Woluswalī-ye Āchīn",536084461,"1970-09-03"
"asalasar1r","OJKnXUX1","asalasar1r@ucoz.com","Aloise","Salasar","Female","Miami",596806181,"1973-08-18"
"mjakoviljevic1s","xfDonjp","mjakoviljevic1s@jalbum.net","Mandy","Jakoviljevic","Male","Kosonsoy",337630604,"1989-12-10"
"rsutch1t","IV8vi2","rsutch1t@stanford.edu","Rollie","Sutch","Female","Gulyantsi",143283737,"1990-06-20"
"lrollett1u","vmIwh5uXn0O","lrollett1u@phpbb.com","Leroi","Rollett","Male","Pogranichnyy",902903373,"1992-09-08"
"jgazey1v","63zqX68N","jgazey1v@unblog.fr","Jen","Gazey","Male","Quintã",600589491,"1988-12-10"
"mdoig1w","sePIlkE","mdoig1w@latimes.com","Maddie","Doig","Male","Al Badārī",828665284,"1971-09-26"
"ndavey1x","sdv3sWL","ndavey1x@wikipedia.org","Nelie","Davey","Male","Kariya",449528583,"1988-09-15"
"sdekeep1y","Se1vL5mdkcr","sdekeep1y@ucoz.com","Steffie","de Keep","Male","Orange",121830913,"1996-02-20"
"ffrancescoccio1z","7DQnREc","ffrancescoccio1z@wunderground.com","Fabien","Francescoccio","Male","Taocheng",763315162,"1988-02-08"
"lconelly20","tD3bUm","lconelly20@youtube.com","Lexie","Conelly","Female","Poshekhon’ye",352714404,"1993-08-20"
"scollin21","2MOe0I2","scollin21@bloglovin.com","Shurlock","Collin","Male","Wulingyuan",520356418,"2000-12-06"
"drosevear22","Jvu0u8EzTe","drosevear22@google.ca","Dorothee","Rosevear","Female","Guicheng",791363292,"1997-08-24"
"mcuckson23","TEQshlxo","mcuckson23@dagondesign.com","Margareta","Cuckson","Female","Gongli",821618032,"1984-04-10"
"elabon24","3F8oNKb","elabon24@illinois.edu","Essie","Labon","Female","La Goulette",848196175,"1971-01-29"
"aitzig25","gRMObg97Lr","aitzig25@time.com","Alberto","Itzig","Female","Blawi",859093006,"1974-09-30"
"mrestieaux26","1BjWqJtp7Q2o","mrestieaux26@springer.com","Marlon","Restieaux","Male","Paris 12",901704280,"1974-10-16"
"rwakeman27","c9T8cHydhhe","rwakeman27@unicef.org","Raimundo","Wakeman","Female","Nizhniy Dzhengutay",260991843,"1999-10-20"
"hvoisey28","bzV5KM","hvoisey28@youtube.com","Hinda","Voisey","Male","Čelopek",753278585,"1977-03-08"
"otabourier29","58UZtm4","otabourier29@admin.ch","Otho","Tabourier","Male","Chocianów",453692079,"2000-08-03"
"ciannuzzelli2a","nSKKiFU","ciannuzzelli2a@gizmodo.com","Cleon","Iannuzzelli","Male","Henghe",360187564,"1980-11-12"
"wcammack2b","btk3tR2WW","wcammack2b@goo.ne.jp","Wenonah","Cammack","Female","Khu Khan",793559773,"1979-04-11"
"kquipp2c","J8hWM8X","kquipp2c@jimdo.com","Konstantine","Quipp","Female","Thívai",585441618,"1992-06-14"
"mgrishagin2d","exdi6P","mgrishagin2d@utexas.edu","Marena","Grishagin","Male","Tangkil",336610413,"1980-03-28"
"mromain2e","3ncZGYbiI","mromain2e@sfgate.com","Madonna","Romain","Male","Goshogawara",673884639,"1976-09-20"
"btakis2f","SY5MI821X","btakis2f@nba.com","Bess","Takis","Female","Storuman",248858804,"1982-11-25"
"lstairs2g","jrbRwn5DJh","lstairs2g@state.tx.us","Leonelle","Stairs","Female","Ban Kruat",342097370,"1995-02-10"
"edillistone2h","l927QK","edillistone2h@phoca.cz","Eleen","Dillistone","Female","Sacanta",540569668,"1970-06-13"
"peunson2i","UmRBTnAMd5Y","peunson2i@squidoo.com","Patrica","Eunson","Male","Zhougang",554940146,"1984-01-27"
"vklasing2j","DqlAA9lWLxWc","vklasing2j@123-reg.co.uk","Vernor","Klasing","Male","Koilás",312157050,"1994-07-13"
"kbothram2k","A2thkw7","kbothram2k@dot.gov","Ki","Bothram","Female","Donskoy",479876638,"1990-02-25"
"pisaaksohn2l","sb8X1DFhKTuW","pisaaksohn2l@youku.com","Perle","Isaaksohn","Male","Bat Khela",771401412,"1984-04-30"
"mglass2m","z0DDHpBArv","mglass2m@webeden.co.uk","Myrtie","Glass","Male","Ban Thai Tan",419515759,"1984-02-15"
"hpendleberry2n","DAMp4E0vlQF","hpendleberry2n@bbb.org","Haleigh","Pendleberry","Male","Jiefangyan",251624844,"1980-01-04"
"agiven2o","jHmmUKRXm","agiven2o@statcounter.com","Alden","Given","Female","Nozdrzec",754160332,"1975-10-04"
"kkindley2p","sfIloj","kkindley2p@omniture.com","Kimberlee","Kindley","Male","Martingança-Gare",147883732,"1997-12-20"
"wwashington2q","4DChb7","wwashington2q@yellowpages.com","Way","Washington","Male","Takari",139100024,"1981-11-28"
"dambrus2r","5nQ9df","dambrus2r@feedburner.com","Dermot","Ambrus","Female","Naḩḩālīn",762881898,"1990-02-17"
"bgoodfield2s","zMd0AcVFT5B","bgoodfield2s@addthis.com","Brooks","Goodfield","Female","Har-Us",834990778,"1993-11-02"
"rbrandenburg2t","jHY5yfSD","rbrandenburg2t@who.int","Rhianon","Brandenburg","Female","Zhetian",249675354,"1987-05-26"
"slavies2u","pAYkgqc","slavies2u@economist.com","Saundra","Lavies","Male","Şafwá",654618799,"1974-06-13"
"sgirardez2v","Fj1IPI","sgirardez2v@bbc.co.uk","Spike","Girardez","Female","Pombos",451151629,"1979-06-26"
"eciotti2w","NZ7EoGd","eciotti2w@slideshare.net","Earl","Ciotti","Male","Małdyty",991988503,"1977-01-10"
"tstobbs2x","7nb1FNCsFXx","tstobbs2x@weather.com","Temple","Stobbs","Female","Allen",584264582,"1998-08-31"
"jhalsall2y","Qgtb7utf9","jhalsall2y@narod.ru","Jeanie","Halsall","Male","Yangmiao",604384779,"1987-10-27"
"dpochon2z","uIRbzdd","dpochon2z@disqus.com","Drucill","Pochon","Male","Fenglu",573201896,"1985-01-29"
"mroches30","yOvrlJOX0D","mroches30@walmart.com","Maxine","Roches","Female","Nyköping",680192613,"1994-04-03"
"blewknor31","LiAATXv","blewknor31@newyorker.com","Barthel","Lewknor","Male","Anh Son",309042455,"1975-02-14"
"jhulmes32","JdCWazgFr6aW","jhulmes32@desdev.cn","Jules","Hulmes","Female","Kävlinge",722883236,"1997-01-29"
"vhaffner33","0JwbmIOzqiF","vhaffner33@4shared.com","Valentia","Haffner","Male","Wujiashan",508354588,"1992-11-19"
"mchatburn34","4mpQaAd","mchatburn34@mapy.cz","Mathias","Chatburn","Male","Palayan City",877234260,"1990-12-13"
"cwinyard35","Q226lnG","cwinyard35@de.vu","Claudius","Winyard","Female","Marvdasht",954331802,"1980-08-25"
"knapolione36","vawBTlsmwP","knapolione36@tinyurl.com","Kenton","Napolione","Female","Bagdadi",272827373,"1991-01-06"
"aorkney37","GkMFBG","aorkney37@google.fr","Anette","Orkney","Male","Putrajaya",893049305,"1974-08-28"
"lschiell38","6sU1ZF604","lschiell38@pinterest.com","Lenette","Schiell","Female","Tuapse",549750375,"1986-08-24"
"ftopling39","YmMCaV","ftopling39@xing.com","Fabe","Topling","Male","Korolevo",750668597,"1984-07-20"
"tkiely3a","MQGjjcpki","tkiely3a@slideshare.net","Timofei","Kiely","Male","Chor",956165140,"1998-07-19"
"lcharter3b","9q0rKcGrl","lcharter3b@cnet.com","Lucine","Charter","Female","Alfonso",543351581,"1974-04-28"
"rbazek3c","e5B67t7gzRG","rbazek3c@youku.com","Rudd","Bazek","Male","Miaoling",973386550,"1989-03-19"
"gpantlin3d","dx11U21Z7","gpantlin3d@gravatar.com","Gilberto","Pantlin","Male","Dok Kham Tai",634180801,"1993-03-07"
"shooke3e","47i0F9iT","shooke3e@prweb.com","Sholom","Hooke","Female","Baitoa",489609429,"1986-01-28"
"sswire3f","zw3JDLhsE","sswire3f@marriott.com","Sheffie","Swire","Male","Petrovskiy",312373947,"1985-11-15"
"aburehill3g","x2NCq7lGrq","aburehill3g@nih.gov","Aylmer","Burehill","Female","Huoxian",336010932,"1978-01-20"
"ckirvin3h","mHcFZ0QtDDk","ckirvin3h@artisteer.com","Chrotoem","Kirvin","Male","Gongdao",713633562,"1972-04-05"
"mwolverson3i","7a4bAs","mwolverson3i@bbb.org","Madison","Wolverson","Male","Dawangzhuang",786039477,"1992-06-16"
"kterrett3j","T1XoVwbKD","kterrett3j@oaic.gov.au","Kayne","Terrett","Male","Caobi",155886881,"1998-07-11"
"jalessandretti3k","o5HVPBhMx","jalessandretti3k@cdc.gov","Josefa","Alessandretti","Male","Cortiços",164310230,"1986-12-18"
"dgoodhand3l","D4RBt5KIe","dgoodhand3l@last.fm","Dewain","Goodhand","Female","Hřebeč",675147275,"1988-06-09"
"mmcmonnies3m","cE76TMq4AKK","mmcmonnies3m@dedecms.com","Marlo","McMonnies","Male","Namora",374572540,"1994-09-06"
"griordan3n","LBgUL6","griordan3n@bizjournals.com","Giraldo","Riordan","Male","Nomhon",294867177,"1999-01-26"
"tstopp3o","FYsXCROc9","tstopp3o@sina.com.cn","Tatiana","Stopp","Female","Anshun",842998105,"1988-12-26"
"sbrittin3p","AiBiwmP","sbrittin3p@friendfeed.com","Staffard","Brittin","Female","Mizoch",943583376,"1998-04-12"
"bmaciocia3q","vKAjoP2cyq","bmaciocia3q@virginia.edu","Barbabas","Maciocia","Female","Ban Mo",508104525,"1998-06-14"
"bsymmers3r","zCZCvHaK","bsymmers3r@g.co","Bruno","Symmers","Female","Elias Fausto",933827231,"1991-06-25"
"mcobden3s","V2bWyjs","mcobden3s@mediafire.com","Marje","Cobden","Female","São Miguel de Machede",979228243,"1975-03-30"
"jmacgorley3t","U4X2w55dXwl","jmacgorley3t@fda.gov","Jaye","MacGorley","Female","Havlíčkův Brod",986342943,"1979-01-09"
"kfreund3u","MxGrUCRAnW8u","kfreund3u@plala.or.jp","Kit","Freund","Male","Ramada",912901730,"1991-11-14"
"shanscombe3v","hTA9C1Y","shanscombe3v@si.edu","Sibbie","Hanscombe","Male","Zhangcun",991964309,"1998-05-10"
"spaice3w","aXr6CCiE","spaice3w@accuweather.com","Seymour","Paice","Male","Paupanda Bawah",559755513,"1989-04-10"
"dwoodhead3x","RFO6cR021JJx","dwoodhead3x@forbes.com","Didi","Woodhead","Female","San Pedro Pinula",198147056,"1992-03-22"
"asaban3y","Xzutmh179","asaban3y@biglobe.ne.jp","Adrianne","Saban","Female","Dugulubgey",861916193,"1996-09-13"
"owainscot3z","Lt2kkU6dj4","owainscot3z@shareasale.com","Opaline","Wainscot","Male","Mwaya",615080860,"1974-09-01"
"mreedyhough40","dc38BiT","mreedyhough40@goodreads.com","Michaela","Reedyhough","Male","Yermolino",815284352,"1970-11-13"
"wgarfield41","hwb5LCdb","wgarfield41@ihg.com","Willard","Garfield","Male","Mochishche",215113824,"1975-09-28"
"cpirelli42","0ttuMwe","cpirelli42@facebook.com","Chrisse","Pirelli","Female","Concepción de la Barranca",459016220,"1972-10-07"
"astokell43","Z3vPwpnphg","astokell43@latimes.com","Ansley","Stokell","Male","Sumbersewu",906945079,"1972-12-16"
"dkitchin44","mcf3ruAEZ04","dkitchin44@mac.com","Dedie","Kitchin","Female","Xiejia",302465746,"1978-02-17"
"rceely45","awdQ590vC","rceely45@cnbc.com","Rafaello","Ceely","Male","Kabac",427669966,"1975-08-25"
"bwhetnall46","wORMr2el","bwhetnall46@google.com.br","Brit","Whetnall","Female","Korhogo",137765695,"1999-10-04"
"tbaxandall47","TdpGcat","tbaxandall47@loc.gov","Tracy","Baxandall","Male","Khūgyāṉī",571436095,"1979-05-29"
"tseneschal48","wvS1Bq2BrY8","tseneschal48@vistaprint.com","Torin","Seneschal","Male","Jiayi",801701799,"1993-10-22"
"vketchaside49","jdllRbj8K7","vketchaside49@oakley.com","Viv","Ketchaside","Male","Tapacocha",372139310,"1989-07-21"
"icromleholme4a","W2pKw3p","icromleholme4a@flavors.me","Isaak","Cromleholme","Male","Qijia",868770984,"1993-11-09"
"jbenger4b","5LSrfE0","jbenger4b@cmu.edu","Jilli","Benger","Male","Chengjiao",594269819,"1970-05-19"
"rpetett4c","gCKFfjl5g2R","rpetett4c@house.gov","Reginauld","Petett","Female","Dingle",484021621,"1982-07-05"
"cfessby4d","8FWiXqWvQMo","cfessby4d@auda.org.au","Ciel","Fessby","Female","Kangar",480185832,"1993-02-26"
"rgrimsell4e","7qd19GFMCbP","rgrimsell4e@buzzfeed.com","Rickard","Grimsell","Female","Hongyansi",293792846,"1997-02-15"
"erandalston4f","Dm6u0X","erandalston4f@tumblr.com","Edan","Randalston","Female","Woshui",247277453,"1972-05-25"
"obandey4g","Lm3HIMUDhJk","obandey4g@wufoo.com","Oliver","Bandey","Female","Sila Lat",371223221,"1977-06-24"
"lannice4h","NuazOscTtH","lannice4h@purevolume.com","Lisa","Annice","Male","Divača",239842000,"1971-06-29"
"adewey4i","grwJDfST0","adewey4i@artisteer.com","Angie","Dewey","Female","Horní Libina",722315089,"1981-07-09"
"enutten4j","GAsMX1xsRf7","enutten4j@state.gov","Elberta","Nutten","Male","Kalasin",460550481,"1977-01-02"
"klowery4k","1xXB83JV2sL5","klowery4k@parallels.com","Kelvin","Lowery","Male","Ts’khinvali",879411764,"1981-04-05"
"gkovnot4l","EB7MNyKSJmi","gkovnot4l@discuz.net","Glenda","Kovnot","Female","Citeureup",188912344,"1998-06-16"
"ckieff4m","zMAdg4v","ckieff4m@discuz.net","Carlota","Kieff","Male","Sagbayan",704598132,"1984-03-22"
"aramage4n","ESYOwcrU90dd","aramage4n@t.co","Alvinia","Ramage","Male","Fenglu",339444070,"1983-09-23"
"itorry4o","rgGv1I","itorry4o@soup.io","Isobel","Torry","Male","Tangnanzhen",308498514,"1996-11-17"
"njarmain4p","rbdpuW4hx","njarmain4p@topsy.com","Nissie","Jarmain","Female","Asahi",529284346,"1985-07-21"
"bkilcullen4q","TfMVQZmPX","bkilcullen4q@cargocollective.com","Brewer","Kilcullen","Female","Nankou",387981498,"1991-10-18"
"hbutrimovich4r","90oF8T","hbutrimovich4r@wikia.com","Hyacinthie","Butrimovich","Male","Dumandesa",509207658,"1972-03-20"
"rgibbe4s","1JeDi2RFvtWq","rgibbe4s@yelp.com","Robbin","Gibbe","Male","Xuefeng",630794695,"1970-01-17"
"pdictus4t","6VtIPZQw6VzK","pdictus4t@howstuffworks.com","Pippo","Dictus","Male","Huangtu",921278989,"1971-09-11"
"jchasier4u","S67bE7et","jchasier4u@yandex.ru","Judi","Chasier","Male","Gambo",636231584,"1979-12-08"
"cmurtagh4v","TGIhutjCW","cmurtagh4v@prweb.com","Chancey","Murtagh","Male","As Suwaydā’",164883647,"1984-02-23"
"eklink4w","DevnGIbvT","eklink4w@joomla.org","Eleanora","Klink","Female","Sanhui",510164450,"1987-06-20"
"ccraister4x","EokGejwUbKu","ccraister4x@loc.gov","Clerkclaude","Craister","Male","Denver",148253147,"1984-11-04"
"fwinks4y","wr49WXZwM","fwinks4y@latimes.com","Fulvia","Winks","Female","Zhongcheng",840184940,"1987-03-17"
"zcalrow4z","288kI3J5xhh0","zcalrow4z@jimdo.com","Zsazsa","Calrow","Female","Połomia",875200030,"1995-03-08"
"ntoulch50","NjIA7I7d","ntoulch50@ebay.co.uk","Nye","Toulch","Male","Auch",819495899,"1970-10-20"
"aackeroyd51","tBmQMavuQ","aackeroyd51@deviantart.com","Angelle","Ackeroyd","Female","Iporá",387687659,"1983-02-01"
"bpawellek52","lLNkdBrt47S","bpawellek52@ed.gov","Bjorn","Pawellek","Female","Capilla del Monte",755672509,"1970-09-25"
"cbalstone53","rAQGjHpu3","cbalstone53@soup.io","Cooper","Balstone","Female","Santa Maria da Feira",190599896,"1997-03-18"
"kshepley54","lTRCCWT","kshepley54@shinystat.com","Klarika","Shepley","Male","Nawá",720010703,"1987-09-08"
"rhamshar55","7rNI5olDPO","rhamshar55@home.pl","Rorie","Hamshar","Male","Astanajapura",914486634,"1973-07-23"
"ayardy56","8PhzGGb","ayardy56@comsenz.com","Alec","Yardy","Male","Barrunchal",978978456,"1972-12-05"
"mmapson57","m9DRMKkAuPBX","mmapson57@csmonitor.com","Mildred","Mapson","Female","Daleman",522612328,"1989-06-21"
"ahulance58","hW8PvsN","ahulance58@multiply.com","Aldo","Hulance","Male","Kedungbacin",742665217,"1996-05-12"
"ghulson59","8u26lQQn","ghulson59@netscape.com","Glyn","Hulson","Female","Simrishamn",270563721,"1992-11-22"
"nbareham5a","KYGv7rIn","nbareham5a@pbs.org","Nigel","Bareham","Female","Panambi",926715848,"1982-12-22"
"tbye5b","MP49EW","tbye5b@scribd.com","Thorvald","Bye","Male","Cateel",376467639,"1981-09-21"
"ashoebotham5c","DbcPL18i","ashoebotham5c@dion.ne.jp","Avis","Shoebotham","Male","Krynki",791441841,"1970-04-12"
"jsimonard5d","VsWkYjkiu","jsimonard5d@who.int","Jodee","Simonard","Female","Kore",861532359,"1985-05-12"
"mclohessy5e","HospOsfF505A","mclohessy5e@spotify.com","Matthiew","Clohessy","Female","Maiyema",388229064,"1970-11-28"
"nseadon5f","9rndCDZ","nseadon5f@yahoo.com","Nike","Seadon","Male","Norberg",433074520,"1995-05-31"
"uaberkirder5g","XQ4agbNGYj","uaberkirder5g@hhs.gov","Ugo","Aberkirder","Male","Manabo",983097011,"1972-09-21"
"hlowery5h","ispE7ySZxVdB","hlowery5h@whitehouse.gov","Hunter","Lowery","Female","Tarbes",188093846,"1982-09-10"
"dmessier5i","xqLQnDm6oQv","dmessier5i@chronoengine.com","Davis","Messier","Female","Fengmu",967748167,"1988-12-20"
"sboyson5j","X0UUScVC5A","sboyson5j@networkadvertising.org","Sheffield","Boyson","Male","Losino-Petrovskiy",987818612,"1982-07-16"
